title,tools
떡꼬치,에어프라이어
떡꼬치,프라이팬
떡꼬치,그릇
계란빵 꿀빵,프라이팬
계란빵 꿀빵,주걱
계란빵 꿀빵,뒤집개
계란빵 꿀빵,계량도구
고구마 빵,계량도구
고구마 빵,필러
고구마 빵,그릇
고구마 빵,주걱
고구마 빵,도마
고구마 빵,전자레인지
또띠아 피자,그릇
또띠아 피자,프라이팬
또띠아 피자,도마
또띠아 피자,칼
또띠아 피자,전자레인지
또띠아 피자,가위
스파게티 샌드위치,계량도구
스파게티 샌드위치,그릇
스파게티 샌드위치,전자레인지
스파게티 샌드위치,프라이팬
치즈 샌드위치,도마
치즈 샌드위치,칼
치즈 샌드위치,그릇
양배추샌드위치,칼
양배추샌드위치,도마
양배추샌드위치,프라이팬
양배추샌드위치,전자레인지
양배추샌드위치,그릇
샌드위치,도마
샌드위치,칼
샌드위치,프라이팬
샌드위치,주걱
샌드위치,국자
샌드위치,그릇
연어 샌드위치,체/거름망
연어 샌드위치,냄비
연어 샌드위치,그릇
샌드위치,프라이팬
샌드위치,뒤집개
샌드위치,도마
샌드위치,칼
닭가슴살샌드위치,냄비
닭가슴살샌드위치,국자
닭가슴살샌드위치,도마
닭가슴살샌드위치,칼
닭가슴살샌드위치,가위
닭가슴살샌드위치,그릇
닭가슴살브리또,체/거름망
닭가슴살브리또,프라이팬
닭가슴살브리또,도마
닭가슴살브리또,주걱
샌드위치,계량도구
샌드위치,칼
샌드위치,도마
샌드위치,그릇
딸기롤샌드위치,칼
딸기롤샌드위치,그릇
딸기롤샌드위치,도마
에그 샌드위치,체/거름망
에그 샌드위치,전자레인지
에그 샌드위치,그릇
두부 계란찜,체/거름망
두부 계란찜,그릇
두부 계란찜,국자
두부 계란찜,주걱
몬테크리스토 샌드위치,주걱
몬테크리스토 샌드위치,프라이팬
몬테크리스토 샌드위치,그릇
몬테크리스토 샌드위치,칼
딸기샌드위치,체/거름망
딸기샌드위치,그릇
딸기샌드위치,도마
딸기샌드위치,칼
오픈샌드위치,칼
오픈샌드위치,국자
오픈샌드위치,도마
오픈샌드위치,프라이팬
"닭 가슴살 샐러드, 샌드위치",냄비
"닭 가슴살 샐러드, 샌드위치",국자
"닭 가슴살 샐러드, 샌드위치",그릇
"닭 가슴살 샐러드, 샌드위치",칼
"닭 가슴살 샐러드, 샌드위치",도마
아보카도 샌드위치,칼
아보카도 샌드위치,그릇
아보카도 샌드위치,프라이팬
버터비빔밥,칼
버터비빔밥,프라이팬
버터비빔밥,그릇
버터비빔밥,주걱
파니니샌드위치,칼
파니니샌드위치,주걱
파니니샌드위치,프라이팬
치즈샌드위치,프라이팬
치즈샌드위치,주걱
오징어 샐러드,에어프라이어
오징어 샐러드,그릇
닭가슴살 무침,주걱
닭가슴살 무침,냄비
닭가슴살 무침,그릇
닭가슴살 무침,도마
닭가슴살 무침,칼
게맛살 또띠아 샌드위치,프라이팬
게맛살 또띠아 샌드위치,도마
게맛살 또띠아 샌드위치,칼
견과아몬드쿠키,체/거름망
견과아몬드쿠키,계량도구
견과아몬드쿠키,칼
견과아몬드쿠키,주걱
견과아몬드쿠키,프라이팬
견과아몬드쿠키,에어프라이어
콩나물무침,체/거름망
콩나물무침,그릇
콩나물무침,프라이팬
통 삼겹살,칼
통 삼겹살,에어프라이어
통 삼겹살,그릇
옥수수치즈,체/거름망
옥수수치즈,그릇
옥수수치즈,에어프라이어
소고기 고구마,에어프라이어
소고기 고구마,도마
소고기 고구마,칼
소고기 고구마,주걱
소고기 고구마,프라이팬
웨지고구마,칼
웨지고구마,그릇
웨지고구마,에어프라이어
누룽지,전자레인지
누룽지,주걱
누룽지,에어프라이어
누룽지,그릇
떡꼬치,에어프라이어
떡꼬치,주걱
떡꼬치,프라이팬
크로크무슈,주걱
크로크무슈,도마
크로크무슈,프라이팬
크로크무슈,에어프라이어
크로크무슈,그릇
브라질 치즈빵,계량도구
브라질 치즈빵,에어프라이어
얼그레이 사브레 쿠키,가위
얼그레이 사브레 쿠키,체/거름망
얼그레이 사브레 쿠키,그릇
얼그레이 사브레 쿠키,에어프라이어
카레구이,체/거름망
카레구이,에어프라이어
카레구이,그릇
숙주나물무침,칼
숙주나물무침,그릇
숙주나물무침,체/거름망
마약달걀장,냄비
마약달걀장,도마
마약달걀장,칼
마약달걀장,그릇
멸치고추지볶음,전자레인지
멸치고추지볶음,도마
멸치고추지볶음,칼
멸치고추지볶음,프라이팬
멸치고추지볶음,주걱
삼겹살김치파스타,칼
삼겹살김치파스타,도마
삼겹살김치파스타,국자
삼겹살김치파스타,프라이팬
삼겹살김치파스타,그릇
오믈렛,칼
오믈렛,도마
오믈렛,프라이팬
오믈렛,주걱
볶음밥,계량도구
볶음밥,칼
볶음밥,그릇
볶음밥,프라이팬
볶음밥,주걱
토마토 계란 피자,칼
토마토 계란 피자,도마
토마토 계란 피자,프라이팬
토마토 계란 피자,주걱
마늘볶음밥,프라이팬
마늘볶음밥,주걱
마늘볶음밥,그릇
알리오 올리오,냄비
알리오 올리오,국자
알리오 올리오,칼
알리오 올리오,도마
알리오 올리오,프라이팬
알리오 올리오,그릇
해물 토스트,칼
해물 토스트,도마
해물 토스트,주걱
해물 토스트,에어프라이어
해물 토스트,그릇
명란젓 마요계란밥,계량도구
명란젓 마요계란밥,칼
명란젓 마요계란밥,주걱
명란젓 마요계란밥,프라이팬
메밀소바,국자
메밀소바,체/거름망
메밀소바,그릇
메밀소바,냄비
모짜프렌치토스트,칼
모짜프렌치토스트,프라이팬
모짜프렌치토스트,주걱
모짜프렌치토스트,뒤집개
모짜프렌치토스트,그릇
참치마요 주먹밥,계량도구
참치마요 주먹밥,체/거름망
참치마요 주먹밥,그릇
상추 주먹밥,체/거름망
상추 주먹밥,그릇
상추 주먹밥,칼
상추 주먹밥,도마
들기름 막국수 간장비빔메밀국수,계량도구
들기름 막국수 간장비빔메밀국수,냄비
들기름 막국수 간장비빔메밀국수,체/거름망
들기름 막국수 간장비빔메밀국수,주걱
들기름 막국수 간장비빔메밀국수,그릇
아보카도 참치마요 덮밥,프라이팬
아보카도 참치마요 덮밥,계량도구
아보카도 참치마요 덮밥,그릇
아보카도 참치마요 덮밥,칼
두부 덮밥,칼
두부 덮밥,도마
두부 덮밥,냄비
두부 덮밥,국자
두부 덮밥,프라이팬
두부 덮밥,주걱
두부 덮밥,그릇
마요네즈계란밥,계량도구
마요네즈계란밥,칼
마요네즈계란밥,프라이팬
마요네즈계란밥,주걱
볶음밥,칼
볶음밥,프라이팬
볶음밥,도마
볶음밥,주걱
볶음밥,국자
버터비빔밥,칼
버터비빔밥,주걱
버터비빔밥,프라이팬
버터비빔밥,그릇
찹스테이크,계량도구
찹스테이크,칼
찹스테이크,뒤집개
찹스테이크,프라이팬
찹스테이크,주걱
찹스테이크,그릇
삼겹살 상추 조림,프라이팬
삼겹살 상추 조림,체/거름망
삼겹살 상추 조림,집게
야채 김 계란말이,계량도구
야채 김 계란말이,칼
야채 김 계란말이,도마
야채 김 계란말이,프라이팬
야채 김 계란말이,주걱
야채 김 계란말이,그릇
돈까스 샌드위치,프라이팬
돈까스 샌드위치,주걱
돈까스 샌드위치,그릇
양배추 만둣국,칼
양배추 만둣국,냄비
양배추 만둣국,국자
양배추 만둣국,주걱
양배추 만둣국,그릇
"명란,된장",칼
"명란,된장",뒤집개
"명란,된장",그릇
"명란,된장",프라이팬
참치샐러드,오븐
참치샐러드,칼
참치샐러드,그릇
참치샐러드,주걱
참치샐러드,체/거름망
카레 주먹밥,계량도구
카레 주먹밥,칼
카레 주먹밥,도마
카레 주먹밥,프라이팬
카레 주먹밥,주걱
열무김치국수,계량도구
열무김치국수,냄비
열무김치국수,그릇
열무김치국수,체/거름망
열무김치국수,도마
열무김치국수,칼
치즈떡 계란말이,계량도구
치즈떡 계란말이,가위
치즈떡 계란말이,그릇
치즈떡 계란말이,도마
치즈떡 계란말이,전자레인지
치즈떡 계란말이,프라이팬
치즈떡 계란말이,주걱
비빔국수,냄비
비빔국수,체/거름망
비빔국수,칼
비빔국수,도마
비빔국수,그릇
김치찌개,냄비
김치찌개,국자
김치찌개,칼
김치찌개,도마
콩나물국,국자
콩나물국,칼
콩나물국,도마
콩나물국,냄비
간장파스타,칼
간장파스타,냄비
간장파스타,국자
간장파스타,프라이팬
간장파스타,도마
국물떡볶이,칼
국물떡볶이,냄비
국물떡볶이,국자
국물떡볶이,주걱
국물떡볶이,그릇
국물떡볶이,프라이팬
"계란빵, 꿀빵",프라이팬
"계란빵, 꿀빵",계량도구
"계란빵, 꿀빵",주걱
"계란빵, 꿀빵",뒤집개
연어 샐러드,프라이팬
연어 샐러드,칼
연어 샐러드,도마
연어 샐러드,그릇
소세지야채볶음,칼
소세지야채볶음,도마
소세지야채볶음,냄비
소세지야채볶음,국자
소세지야채볶음,프라이팬
소세지야채볶음,주걱
달걀 볶음밥,칼
달걀 볶음밥,프라이팬
달걀 볶음밥,주걱
달걀 볶음밥,그릇
두부찌개,계량도구
두부찌개,칼
두부찌개,냄비
두부찌개,주걱
데리야키 닭고기,계량도구
데리야키 닭고기,칼
데리야키 닭고기,가위
데리야키 닭고기,도마
데리야키 닭고기,그릇
몬테크리스토 시리얼 토스트,도마
몬테크리스토 시리얼 토스트,가위
몬테크리스토 시리얼 토스트,프라이팬
김밥,칼
김밥,계량도구
김밥,도마
김밥,프라이팬
김밥,주걱
카레라이스,칼
카레라이스,냄비
카레라이스,주걱
카레라이스,프라이팬
쇠고기볶음,계량도구
쇠고기볶음,칼
쇠고기볶음,도마
쇠고기볶음,프라이팬
쇠고기볶음,주걱
김치부침개피자,계량도구
김치부침개피자,칼
김치부침개피자,도마
김치부침개피자,프라이팬
김치부침개피자,국자
